index,url,valid,domain,title,description,image,published,archive,content,quote,language,keyword
https://www.bild.de/leben-wissen/nach-den-waldbraenden-los-angeles-verliert-sein-wahrzeichen-67ebfbaf4269a824d15caa8e,https://www.bild.de/leben-wissen/nach-den-waldbraenden-los-angeles-verliert-sein-wahrzeichen-67ebfbaf4269a824d15caa8e,0,www.bild.de,Nach den Waldbränden - Los Angeles verliert ein Wahrzeichen,Die exotischen Palmen Hollywoods sind im Prinzip auch zum Wahrzeichen der Promi-Metropole geworden. Doch die Waldbrände zwingen Stadtplaner zum Umdenken.,"https://images.bild.de/67ebfbaf4269a824d15caa8e/3db5bb98ce864f2d5b509fa057ee8a29,54d02366?w=1280",2025-04-02T05:10:47Z,,"Mehr zum Video anzeigen 
Die exotischen Palmen Hollywoods sind im Prinzip auch zum Wahrzeichen der Promi-Metropole geworden, mindestens so beliebt das berühmte Schriftzeichen. Doch die Waldbrände vo… [+159 chars]",,de,'Waldbrände'
https://www.stern.de/gesellschaft/regional/nordrhein-westfalen/monatelang-kaum-regen--waldbrandgefahr-und-niedrigwasser---trockenheit-in-nrw-35611874.html,https://www.stern.de/gesellschaft/regional/nordrhein-westfalen/monatelang-kaum-regen--waldbrandgefahr-und-niedrigwasser---trockenheit-in-nrw-35611874.html,0,www.stern.de,Monatelang kaum Regen: Waldbrandgefahr und Niedrigwasser - Trockenheit in NRW,"Staubig-trockene Böden, Waldbrandgefahr und Niedrigwasser am Rhein: Das Frühjahr startet mit ungewöhnlich wenig Regen. Das macht den Landwirten Sorgen und kann die Industrie viel Geld kosten.",https://image.stern.de/35611876/t/6K/v1/w1440/r1.7778/-/04--n6juxvp3jgv4axs2048jpeg---380ca96da8df21ea.jpg,2025-04-04T03:00:42Z,https://web.archive.org/web/20250404084459/https://www.stern.de/gesellschaft/regional/nordrhein-westfalen/monatelang-kaum-regen--waldbrandgefahr-und-niedrigwasser---trockenheit-in-nrw-35611874.html,"Kopiere den aktuellen Link
Zur Merkliste hinzufügen
Staubig-trockene Böden, Waldbrandgefahr und Niedrigwasser am Rhein: Das Frühjahr startet mit ungewöhnlich wenig Regen. Das macht den Landwirten S… [+4636 chars]",,de,'Waldbrand trocken'
https://www.zeit.de/news/2025-04/04/waldbrandgefahr-und-niedrigwasser-trockenheit-in-nrw,https://www.zeit.de/news/2025-04/04/waldbrandgefahr-und-niedrigwasser-trockenheit-in-nrw,0,www.zeit.de,Monatelang kaum Regen: Waldbrandgefahr und Niedrigwasser - Trockenheit in NRW,Hier finden Sie Informationen zu dem Thema „Monatelang kaum Regen“. Lesen Sie jetzt „Waldbrandgefahr und Niedrigwasser - Trockenheit in NRW“.,https://img.zeit.de/news/2025-04/04/waldbrandgefahr-und-niedrigwasser-trockenheit-in-nrw-image-group/wide__1300x731,2025-04-04T03:00:42Z,,"Wer in diesen Tagen den Garten umgräbt, stößt vielfach schon in Spatentiefe auf staubig-trockenen Boden: Nach zwei Monaten ohne nennenswerte Niederschläge droht Nordrhein-Westfalen örtlich Dürre. In … [+4429 chars]",,de,'Waldbrände'
https://www.bild.de/news/inland/warnstufe-rot-in-deutschland-brennen-schon-wieder-die-waelder-67ef7c2a796e855a944a8fda,https://www.bild.de/news/inland/warnstufe-rot-in-deutschland-brennen-schon-wieder-die-waelder-67ef7c2a796e855a944a8fda,0,www.bild.de,Warnstufe Rot! - In Deutschland brennen schon wieder die Wälder,"Wanderer, bitte passt am Wochenende auf: In vielen Wäldern herrscht bereits die zweithöchste Waldbrand-Warnstufe.","https://images.bild.de/67ef7c2a796e855a944a8fda/eeacb498b9b0cfe3e27a714d5a98e5b7,2af5831c?w=1280",2025-04-04T08:07:15Z,,"Offenbach (Hessen) Wanderer, bitte passt am Wochenende auf: In vielen Wäldern herrscht bereits die zweithöchste Waldbrand-Warnstufe, die ersten Feuer brachen schon aus.
In Overath (NRW) brannten meh… [+1679 chars]",,de,'Waldbrand'
https://www.stern.de/gesellschaft/regional/berlin-brandenburg/waldbraende--hohe-waldbrandgefahr-in-einigen-regionen---feuer-bekaempft-35612790.html,https://www.stern.de/gesellschaft/regional/berlin-brandenburg/waldbraende--hohe-waldbrandgefahr-in-einigen-regionen---feuer-bekaempft-35612790.html,0,www.stern.de,Waldbrände: Hohe Waldbrandgefahr in einigen Regionen - Feuer bekämpft,"Trockene Tage, steigendes Waldbrandrisiko: In Brandenburg galt teils die zweithöchste Gefahrenstufe. Die Feuerwehr rückte zu einem beschwerlichen Einsatz aus.",https://image.stern.de/35612792/t/SX/v1/w1440/r1.7778/-/04--c6ciaffdsxv4axs2048jpeg---1e91181956b72999.jpg,2025-04-04T09:14:51Z,,"Kopiere den aktuellen Link
Zur Merkliste hinzufügen
Trockene Tage, steigendes Waldbrandrisiko: In Brandenburg galt teils die zweithöchste Gefahrenstufe. Die Feuerwehr rückte zu einem beschwerlichen… [+1094 chars]",,de,'Waldbrand'
https://www.zeit.de/news/2025-04/04/hohe-waldbrandgefahr-in-einigen-regionen-feuer-bekaempft,https://www.zeit.de/news/2025-04/04/hohe-waldbrandgefahr-in-einigen-regionen-feuer-bekaempft,0,www.zeit.de,Waldbrände: Hohe Waldbrandgefahr in einigen Regionen - Feuer bekämpft,Hier finden Sie Informationen zu dem Thema „Waldbrände“. Lesen Sie jetzt „Hohe Waldbrandgefahr in einigen Regionen - Feuer bekämpft“.,https://img.zeit.de/news/2025-04/04/hohe-waldbrandgefahr-in-einigen-regionen-feuer-bekaempft-image-group/wide__1300x731,2025-04-04T09:14:51Z,https://web.archive.org/web/20250408152046/https://www.zeit.de/news/2025-04/04/hohe-waldbrandgefahr-in-einigen-regionen-feuer-bekaempft,"Die Waldbrandgefahr ist in Brandenburg wieder gestiegen. Im Landkreis Ostprignitz-Ruppin war die Feuerwehr im Einsatz, weil nach Angaben des Kreisbrandmeisters rund 2,8 Hektar Waldboden bei Lindow-Gü… [+920 chars]",,de,'Waldbrände'
https://www.tagesspiegel.de/berlin/waldbrande-hohe-waldbrandgefahr-in-einigen-regionen-feuer-bekampft-13487197.html,https://www.tagesspiegel.de/berlin/waldbrande-hohe-waldbrandgefahr-in-einigen-regionen-feuer-bekampft-13487197.html,0,www.tagesspiegel.de,Waldbrände: Hohe Waldbrandgefahr in einigen Regionen - Feuer bekämpft,"Trockene Tage, steigendes Waldbrandrisiko: In Brandenburg galt teils die zweithöchste Gefahrenstufe. Die Feuerwehr rückte zu einem beschwerlichen Einsatz aus.",https://www.tagesspiegel.de/images/13487194/alternates/BASE_16_9_W1400/1743758156000/brandschutzzentrale-in-eberswalde.jpeg,2025-04-04T09:15:56Z,,"Die Waldbrandgefahr ist in Brandenburg wieder gestiegen. Im Landkreis Ostprignitz-Ruppin war die Feuerwehr im Einsatz, weil nach Angaben des Kreisbrandmeisters rund 2,8 Hektar Waldboden bei Lindow-Gü… [+1643 chars]",,de,'Waldbrand trocken'
https://www.stern.de/panorama/weltgeschehen/waldbrandgefahr-in-deutschland-steigt---karte-zeigt-die-lage-35612892.html,https://www.stern.de/panorama/weltgeschehen/waldbrandgefahr-in-deutschland-steigt---karte-zeigt-die-lage-35612892.html,0,www.stern.de,"Risiko durch Trockenheit: Waldbrandgefahr in Deutschland steigt – Karte zeigt, wo es brenzlig ist",Der Winter war in Deutschland sehr trocken und auch im Frühling änderte sich das kaum. Die Waldbrandgefahr ist entsprechend hoch – vor allem in bestimmten Regionen.,https://image.stern.de/35613054/t/VJ/v1/w1440/r1.7778/-/trockener-wald.jpg,2025-04-04T10:33:00Z,,"Kopiere den aktuellen Link
Zur Merkliste hinzufügen
Der Winter war in Deutschland sehr trocken und auch im Frühling änderte sich das kaum. Die Waldbrandgefahr ist entsprechend hoch vor allem in bes… [+1437 chars]",,de,'Waldbrand'
https://www.stern.de/gesellschaft/regional/niedersachsen-bremen/teurer-waldbrand--brand-am-brocken-soll-wernigerode-1-8-millionen-euro-kosten-35613174.html,https://www.stern.de/gesellschaft/regional/niedersachsen-bremen/teurer-waldbrand--brand-am-brocken-soll-wernigerode-1-8-millionen-euro-kosten-35613174.html,0,www.stern.de,"Teurer Waldbrand: Brand am Brocken soll Wernigerode 1,8 Millionen Euro kosten",Im vergangenen September brennt es mehrere Tage lang am Brocken. Zahlreiche Hubschrauber - auch der Bundeswehr - sind im Einsatz. Jetzt kamen die Rechnungen.,https://image.stern.de/35613176/t/6s/v1/w1440/r1.7778/-/04--5m7xjfqh7pv5axs2048jpeg---3fa61198432d3c90.jpg,2025-04-04T10:33:35Z,,"Kopiere den aktuellen Link
Zur Merkliste hinzufügen
Im vergangenen September brennt es mehrere Tage lang am Brocken. Zahlreiche Hubschrauber - auch der Bundeswehr - sind im Einsatz. Jetzt kamen die… [+1477 chars]",,de,'Waldbrand'
https://www.stern.de/gesellschaft/regional/sachsen/waldbrandschutz--feuerwehr-im-landkreis-meissen-erhaelt-neue-fahrzeuge-35613312.html,https://www.stern.de/gesellschaft/regional/sachsen/waldbrandschutz--feuerwehr-im-landkreis-meissen-erhaelt-neue-fahrzeuge-35613312.html,0,www.stern.de,Waldbrandschutz: Feuerwehr im Landkreis Meißen erhält neue Fahrzeuge,Meißen (sn) - Zur Stärkung der Waldbrandbekämpfung hat die Feuerwehr im Landkreis Meißen neue Fahrzeuge erhalten. Innenminister Armin Schuster (CDU),https://image.stern.de/35613314/t/bm/v1/w1440/r1.7778/-/04--4y2t24ynsfv5axs2048jpeg---63feebbbb2cae739.jpg,2025-04-04T11:01:07Z,,"Kopiere den aktuellen Link
Zur Merkliste hinzufügen
Auf Waldbrände besser vorbereitet: Sachsen verstärkt seine Feuerwehren mit neuen Spezialfahrzeugen.
Zur Stärkung der Waldbrandbekämpfung hat die… [+1006 chars]",,de,'Waldbrand'
https://www.stern.de/gesellschaft/regional/nordrhein-westfalen/schadenshoehe-unbekannt--waldbrand-fordert-hunderte-einsatzkraefte-heraus-35614882.html,https://www.stern.de/gesellschaft/regional/nordrhein-westfalen/schadenshoehe-unbekannt--waldbrand-fordert-hunderte-einsatzkraefte-heraus-35614882.html,0,www.stern.de,Schadenshöhe unbekannt: Waldbrand fordert Hunderte Einsatzkräfte heraus,Overath (lnw) - Rund 350 Kräfte sind bei einem Waldbrand im Rheinisch-Bergischen Kreis im Einsatz gewesen. Feuerwehrangaben zufolge brannte am,https://image.stern.de/35614884/t/2U/v1/w1440/r1.7778/-/05--kbayuqfx2nv3axs2048jpeg---e4d7083b0c1c4b2b.jpg,2025-04-05T01:52:06Z,,"Kopiere den aktuellen Link
Zur Merkliste hinzufügen
Rund 50.000 Quadratmeter Wald stehen in Flammen: Feuerwehrleute im Süden von Nordrhein-Westfalen rücken zum Großeinsatz aus.
Rund 350 Kräfte sin… [+540 chars]",,de,'Waldbrand Feuerwehr'
https://www.stern.de/gesellschaft/regional/baden-wuerttemberg/ursache-unklar--waldbrandgefahr--bodenfeuer-in-affalterbach-35615226.html,https://www.stern.de/gesellschaft/regional/baden-wuerttemberg/ursache-unklar--waldbrandgefahr--bodenfeuer-in-affalterbach-35615226.html,0,www.stern.de,Ursache unklar: Waldbrandgefahr: Bodenfeuer in Affalterbach,Affalterbach (lsw) - Ein Bodenfeuer ist am Freitag im Wald in Affalterbach (Landkreis Ludwigsburg) ausgebrochen. Die Feuerwehr löschte den Brand von etwa,https://image.stern.de/35615228/t/Uk/v1/w1440/r1.7778/-/05--xjlivapbexv6axs2048jpeg---46eee8053c93394d.jpg,2025-04-05T07:17:03Z,,"Kopiere den aktuellen Link
Zur Merkliste hinzufügen
Kein Regen und trockener Boden: Das Risiko für Waldbrände steigt voraussichtlich bis Sonntag im Südwesten.
Ein Bodenfeuer ist am Freitag im Wald… [+1205 chars]",,de,'Waldbrände'
https://www.zeit.de/news/2025-04/05/waldbraende-in-nrw-experte-sieht-folgen-des-klimawandels,https://www.zeit.de/news/2025-04/05/waldbraende-in-nrw-experte-sieht-folgen-des-klimawandels,0,www.zeit.de,Trockenheit und Feuer: Waldbrände in NRW: Experte sieht Folgen des Klimawandels,Hier finden Sie Informationen zu dem Thema „Trockenheit und Feuer“. Lesen Sie jetzt „Waldbrände in NRW: Experte sieht Folgen des Klimawandels“.,https://img.zeit.de/news/2025-04/05/waldbraende-in-nrw-experte-sieht-folgen-des-klimawandels-image-group/wide__1300x731,2025-04-05T08:07:15Z,https://web.archive.org/web/20250408152330/https://www.zeit.de/news/2025-04/05/waldbraende-in-nrw-experte-sieht-folgen-des-klimawandels,"Waldbrände im Oberbergischen, in Arnsberg oder in Iserlohn: Einem Experten zufolge begünstigt der Klimawandel auch in Nordrhein-Westfalen Flächenbrände in Wäldern. Zwar sei es normaler Frühlingstrend… [+1635 chars]",,de,'Waldbrände'
https://www.stern.de/gesellschaft/regional/nordrhein-westfalen/trockenheit-und-feuer--waldbraende-in-nrw--experte-sieht-folgen-des-klimawandels-35615292.html,https://www.stern.de/gesellschaft/regional/nordrhein-westfalen/trockenheit-und-feuer--waldbraende-in-nrw--experte-sieht-folgen-des-klimawandels-35615292.html,0,www.stern.de,Trockenheit und Feuer: Waldbrände in NRW: Experte sieht Folgen des Klimawandels,"Lindlar/Arnsberg/Iserlohn (lnw) - Waldbrände im Oberbergischen, in Arnsberg oder in Iserlohn: Einem Experten zufolge begünstigt der Klimawandel auch in",https://image.stern.de/35615294/t/df/v1/w1440/r1.7778/-/05--2vjungffmpv10axs2048jpeg---28b738777d522d2c.jpg,2025-04-05T08:07:15Z,,"Kopiere den aktuellen Link
Zur Merkliste hinzufügen
Mehrere Waldbrände machen der Feuerwehr in Nordrhein-Westfalen zu schaffen. Ein Experte sieht den menschengemachten Klimawandel hinter dem Proble… [+1798 chars]",,de,'Waldbrände'
https://www.bild.de/regional/baden-wuerttemberg/ludwigsburg-bodenfeuer-im-wald-schnell-geloescht-67f0dfcc0b0df767e3ebb261,https://www.bild.de/regional/baden-wuerttemberg/ludwigsburg-bodenfeuer-im-wald-schnell-geloescht-67f0dfcc0b0df767e3ebb261,0,www.bild.de,Ludwigsburg - Feuerwehr löscht Waldbrand schnell,Ludwigsburg – Ein Waldbrand nordwestlich der Sportanlage Jahnstraße erforderte am Freitagnachmittag einen Großeinsatz der Feuerwehr....,"https://images.bild.de/67f0dfcc0b0df767e3ebb261/837d2e3e969cde9ac178968da6fde6a4-landscape,c885b295?w=1280",2025-04-05T08:34:29Z,https://web.archive.org/web/20250405085153/https://www.bild.de/regional/baden-wuerttemberg/ludwigsburg-bodenfeuer-im-wald-schnell-geloescht-67f0dfcc0b0df767e3ebb261,"Ludwigsburg Ein Waldbrand nordwestlich der Sportanlage Jahnstraße erforderte am Freitagnachmittag einen Großeinsatz der Feuerwehr.
Gegen 15:10 Uhr meldete ein Anrufer der Integrierten Leitstelle des… [+1019 chars]",,de,'Waldbrand'
https://www.bild.de/news/wetter/wetter-waldbrandgefahr-wetterdienst-erwartet-in-9-tagen-regen-67f0f99e0f565a7463af2e74,https://www.bild.de/news/wetter/wetter-waldbrandgefahr-wetterdienst-erwartet-in-9-tagen-regen-67f0f99e0f565a7463af2e74,0,www.bild.de,Trockenheit und Waldbrandgefahr - Wetterdienst erwartet erst in 9 Tagen wieder Regen,Sonne satt und über 20 Grad. Und kein Regen. Es ist unfassbar trocken. Die Waldbrandgefahr ist hoch!,"https://images.bild.de/67f0f99e0f565a7463af2e74/74d4ae9e909d43d6ff3aa8f3e9f7325f,6ef9facc?w=1280",2025-04-05T16:01:13Z,https://web.archive.org/web/20250406111935/https://www.bild.de/news/wetter/wetter-waldbrandgefahr-wetterdienst-erwartet-in-9-tagen-regen-67f0f99e0f565a7463af2e74,"Es waren wunderschöne Frühlingstage: Sonne satt, über 20 Grad und auch kein Regen. Doch dadurch ist es unfassbar trocken, die Waldbrandgefahr steigt!
Rund 350 Kräfte waren bei einem Waldbrand im Rhe… [+2558 chars]",,de,'Waldbrand'
https://www.stern.de/gesellschaft/regional/baden-wuerttemberg/wettervorhersage--sonne-und-kein-regen---weiter-waldbrandgefahr-im-suedwesten-35616952.html,https://www.stern.de/gesellschaft/regional/baden-wuerttemberg/wettervorhersage--sonne-und-kein-regen---weiter-waldbrandgefahr-im-suedwesten-35616952.html,0,www.stern.de,Wettervorhersage: Sonne und kein Regen - weiter Waldbrandgefahr im Südwesten,Stuttgart (lsw) - Die Menschen im Südwesten erwartet in der kommenden Woche strahlender Sonnenschein und kaum eine Wolke am Himmel. Wegen des Risikos für,https://image.stern.de/35616954/t/Xx/v1/w1440/r1.7778/-/06--glv7anpetov3axs2048jpeg---bd04f2356134e82b.jpg,2025-04-06T09:20:05Z,https://web.archive.org/web/20250406093419/https://www.stern.de/gesellschaft/regional/baden-wuerttemberg/wettervorhersage--sonne-und-kein-regen---weiter-waldbrandgefahr-im-suedwesten-35616952.html,"Kopiere den aktuellen Link
Zur Merkliste hinzufügen
Die Menschen in Baden-Württemberg können sich weiter auf Sonnenschein einstellen. Wegen der Trockenheit ist Vorsicht geboten.
Die Menschen im Sü… [+1350 chars]",,de,'Waldbrand'
https://www.zeit.de/news/2025-04/06/sonne-und-kein-regen-weiter-waldbrandgefahr-im-suedwesten,https://www.zeit.de/news/2025-04/06/sonne-und-kein-regen-weiter-waldbrandgefahr-im-suedwesten,0,www.zeit.de,Wettervorhersage: Sonne und kein Regen - weiter Waldbrandgefahr im Südwesten,Hier finden Sie Informationen zu dem Thema „Wettervorhersage“. Lesen Sie jetzt „Sonne und kein Regen - weiter Waldbrandgefahr im Südwesten“.,https://img.zeit.de/news/2025-04/06/sonne-und-kein-regen-weiter-waldbrandgefahr-im-suedwesten-image-group/wide__1300x731,2025-04-06T09:20:05Z,,"Die Menschen im Südwesten erwartet in der kommenden Woche strahlender Sonnenschein und kaum eine Wolke am Himmel. Wegen des Risikos für Waldbrände ist aber Vorsicht geboten, wie der Deutsche Wetterdi… [+1209 chars]",,de,'Waldbrand'
https://kaernten.orf.at/stories/3300177/,https://kaernten.orf.at/stories/3300177/,0,kaernten.orf.at,Waldbrand auf der Zillhöhe in Klagenfurt,Im Westen von Klagenfurt ist am Sonntagnachmittag ein Waldbrand ausgebrochen. Betroffen ist der Wald im Bereich der Zillhöhe bei der Wörthersee-Ostbucht. Löschwasser holten sich die Einsatzkräfte auch per Hubschrauber aus dem Wörthersee.,https://ibs.orf.at/ktn?image=https%3A%2F%2Foekastatic.orf.at%2Fmims%2F2025%2F15%2F89%2Fcrops%2Fw%3D1200%2Ch%3D627%2Cq%3D75%2F2580715_master_990089_13bf0a12-8438-41fa-ba10-35d0b38be0f2_kopeinig_20250406_182503_00_00_07_16.jpg%3Fs%3D51d74296031910782764c19f09660a8c89b7c0a8,2025-04-06T16:55:43Z,,Der Alarm wurde am Sonntag kurz vor 17.00 Uhr ausgelöst. Der Wald nördlich des Hotel Wörthersee brennt. Die Rauchschwaden waren deutlich zu sehen. Dementsprechend viele Meldungen gingen auch bei der … [+942 chars],,de,'Waldbrand'
https://t3n.de/news/bitcoin-eigenverwahrung-risiken-backup-verlust-1681894/,https://t3n.de/news/bitcoin-eigenverwahrung-risiken-backup-verlust-1681894/,0,t3n.de,"Kein Backup, kein Bitcoin: Was Eigenverwahrung so gefährlich macht","Sie wollten auf Nummer sicher gehen – und verloren alles. Die Risiken der Bitcoin-Eigenverwahrung wachsen, und das nicht nur aufgrund von Hacker:innen. Waldbrände in Kalifornien, Raketenangriffe in Israel, ein Banktresor unter Wasser: Immer mehr Bitcoin-Besit…",https://t3n.de/news/wp-content/uploads/2025/04/brennende-bitcoins.jpg,2025-04-06T18:34:52Z,https://web.archive.org/web/20250406183737/https://t3n.de/news/bitcoin-eigenverwahrung-risiken-backup-verlust-1681894/,"Waldbrände in Kalifornien, Raketenangriffe in Israel, ein Banktresor unter Wasser: Immer mehr Bitcoin-Besitzer:innen merken, dass physische Sicherheit genauso wichtig ist wie digitale. Und dass ein Z… [+3959 chars]",,de,'Waldbrände'
https://taz.de/Song-of-the-Earth-von-Dirty-Projectors/!6077337/,https://taz.de/Song-of-the-Earth-von-Dirty-Projectors/!6077337/,0,taz.de,"„Song of the Earth“ von Dirty Projectors: Früher, als wir denken",Waldbrände in Kalifornien und Gustav Mahlers Zyklus „Das Lied von der Erde“: die US-Band Dirty Projectors befasst sich mit der Klimakrise.,https://taz.de/picture/7622229/1200/Dirty-Projectors-Daivd-Longstreth-Stargaze---Credit-Marcus-Maddox-dp-0457-1.jpeg,2025-04-07T10:42:00Z,https://web.archive.org/web/20250409153152/https://taz.de/Song-of-the-Earth-von-Dirty-Projectors/!6077337/,Waldbrände in Kalifornien und Gustav Mahlers Zyklus „Das Lied von der Erde“: die US-Band Dirty Projectors befasst sich mit der Klimakrise. mehr...,,de,'Waldbrände'
https://www.stern.de/gesellschaft/regional/rheinland-pfalz-saarland/waldbrand--feuer-im-wald--polizei-geht-von-brandstiftung-aus-35619008.html,https://www.stern.de/gesellschaft/regional/rheinland-pfalz-saarland/waldbrand--feuer-im-wald--polizei-geht-von-brandstiftung-aus-35619008.html,0,www.stern.de,Waldbrand: Feuer im Wald: Polizei geht von Brandstiftung aus,"Die Feuerwehr hatte vorletzte Woche Mühe, die Flammen in dem unwegsamen Gelände zu löschen. Die Polizei ermittelt nun, ob das Feuer absichtlich oder versehentlich gelegt wurde.",https://image.stern.de/35619010/t/kC/v1/w1440/r1.7778/-/07--qgdt6vgxrxv5axs2048jpeg---c13a55f96a323ab8.jpg,2025-04-07T10:52:27Z,,"Kopiere den aktuellen Link
Zur Merkliste hinzufügen
Die Feuerwehr hatte vorletzte Woche Mühe, die Flammen in dem unwegsamen Gelände zu löschen. Die Polizei ermittelt nun, ob das Feuer absichtlich o… [+544 chars]",,de,'Waldbrand'
https://www.zeit.de/news/2025-04/07/erneut-flaeche-im-koenigsforst-in-flammen,https://www.zeit.de/news/2025-04/07/erneut-flaeche-im-koenigsforst-in-flammen,0,www.zeit.de,Waldbrand: Erneut Fläche im Königsforst in Flammen,Hier finden Sie Informationen zu dem Thema „Waldbrand“. Lesen Sie jetzt „Erneut Fläche im Königsforst in Flammen“.,https://img.zeit.de/news/2025-04/07/erneut-flaeche-im-koenigsforst-in-flammen-image-group/wide__1300x731,2025-04-07T18:00:08Z,,"Im Königsforst, dem großen Waldgebiet östlich von Köln, hat es erneut gebrannt. Diesmal hätten 2.500 Quadratmeter in Flammen gestanden, sagte ein Sprecher der Kölner Feuerwehr. Der Waldbrand sei mitt… [+771 chars]",,de,'Waldbrand'
https://www.stern.de/gesellschaft/regional/nordrhein-westfalen/waldbrand--erneut-flaeche-im-koenigsforst-in-flammen-35620494.html,https://www.stern.de/gesellschaft/regional/nordrhein-westfalen/waldbrand--erneut-flaeche-im-koenigsforst-in-flammen-35620494.html,0,www.stern.de,Waldbrand: Erneut Fläche im Königsforst in Flammen,"Im Königsforst, dem großen Waldgebiet östlich von Köln, hat es erneut gebrannt. Das Löschwasser musste aus eineinhalb Kilometern Entfernung herangeschafft werden.",https://image.stern.de/35620496/t/L6/v1/w1440/r1.7778/-/07--kh2xmc74r7v5axs2048jpeg---ee7c3484c00dd39f.jpg,2025-04-07T18:00:08Z,,"Kopiere den aktuellen Link
Zur Merkliste hinzufügen
Im Königsforst, dem großen Waldgebiet östlich von Köln, hat es erneut gebrannt. Das Löschwasser musste aus eineinhalb Kilometern Entfernung heran… [+949 chars]",,de,'Waldbrand'
https://www.stern.de/gesellschaft/regional/hessen/wenig-regen--erhoehte-waldbrandgefahr-nach-trockenen-wochen-in-hessen-35622680.html,https://www.stern.de/gesellschaft/regional/hessen/wenig-regen--erhoehte-waldbrandgefahr-nach-trockenen-wochen-in-hessen-35622680.html,0,www.stern.de,Wenig Regen: Erhöhte Waldbrandgefahr nach trockenen Wochen in Hessen,"Darmstadt (lhe) - Wegen des trockenen Wetters besteht in Hessen derzeit eine erhöhte Waldbrandgefahr. Insbesondere Südhessen sei betroffen, aber die Lage",https://image.stern.de/35622682/t/Hj/v1/w1440/r1.7778/-/08--w7nzgzmqfov9axs2048jpeg---09cf1a5181871107.jpg,2025-04-08T11:10:58Z,https://web.archive.org/web/20250408125033/https://www.stern.de/gesellschaft/regional/hessen/wenig-regen--erhoehte-waldbrandgefahr-nach-trockenen-wochen-in-hessen-35622680.html,"Kopiere den aktuellen Link
Zur Merkliste hinzufügen
Kaum Wolken am Himmel, die Sonne scheint: Der April hat schönes Wetter, wie man so sagt, nach Hessen gebracht. Doch das hat nicht nur gute Seiten… [+926 chars]",,de,'Waldbrand Wetter'
https://www.zeit.de/news/2025-04/08/erhoehte-waldbrandgefahr-nach-trockenen-wochen-in-hessen,https://www.zeit.de/news/2025-04/08/erhoehte-waldbrandgefahr-nach-trockenen-wochen-in-hessen,0,www.zeit.de,Wenig Regen: Erhöhte Waldbrandgefahr nach trockenen Wochen in Hessen,Hier finden Sie Informationen zu dem Thema „Wenig Regen“. Lesen Sie jetzt „Erhöhte Waldbrandgefahr nach trockenen Wochen in Hessen“.,https://img.zeit.de/news/2025-04/08/erhoehte-waldbrandgefahr-nach-trockenen-wochen-in-hessen-image-group/wide__1300x731,2025-04-08T11:10:58Z,https://web.archive.org/web/20250409175329/https://www.zeit.de/news/2025-04/08/erhoehte-waldbrandgefahr-nach-trockenen-wochen-in-hessen,"Wegen des trockenen Wetters besteht in Hessen derzeit eine erhöhte Waldbrandgefahr. Insbesondere Südhessen sei betroffen, aber die Lage verschärfe sich landesweit, warnte das Regierungspräsidium Darm… [+764 chars]",,de,'Waldbrand'
https://www.stern.de/gesellschaft/regional/nordrhein-westfalen/brauchtum--trockenheit-koennte-zu-absagen-bei-osterfeuern-fuehren-35628168.html,https://www.stern.de/gesellschaft/regional/nordrhein-westfalen/brauchtum--trockenheit-koennte-zu-absagen-bei-osterfeuern-fuehren-35628168.html,0,www.stern.de,Brauchtum: Trockenheit könnte zu Absagen bei Osterfeuern führen,Vor allem in Westfalen werden zu Ostern traditionell große Feuer angezündet. Doch in diesem Jahr ist die Natur völlig ausgetrocknet. Ist die Waldbrandgefahr zu groß?,https://image.stern.de/35628170/t/bb/v1/w1440/r1.7778/-/10--nhastcfrurv11axs2048jpeg---af081cbd765bcf32.jpg,2025-04-10T02:30:38Z,https://web.archive.org/web/20250410033052/https://www.stern.de/gesellschaft/regional/nordrhein-westfalen/brauchtum--trockenheit-koennte-zu-absagen-bei-osterfeuern-fuehren-35628168.html,"Kopiere den aktuellen Link
Zur Merkliste hinzufügen
Vor allem in Westfalen werden zu Ostern traditionell große Feuer angezündet. Doch in diesem Jahr ist die Natur völlig ausgetrocknet. Ist die Wald… [+2492 chars]",,de,'Waldbrand Rauch'
https://kaernten.orf.at/stories/3300668/,https://kaernten.orf.at/stories/3300668/,0,kaernten.orf.at,Zwei Waldbrände verhindert,Am Mittwochnachmittag hat eine 45-jährige Frau durch ein Schwendfeuer auf ihrem Grundstück in Heiligenblut fast einen Waldbrand ausgelöst. Wind fachte das Feuer an und trug es in ein angrenzendes Waldstück. In Millstatt begann es im unwegsamen Gelände hinter …,https://ibs.orf.at/ktn?image=https%3A%2F%2Foekastatic.orf.at%2Fmims%2F2025%2F15%2F69%2Fcrops%2Fw%3D1200%2Ch%3D627%2Cq%3D75%2F2584475_master_991569_490091684_685321200557605_368460882534259884_n.jpg%3Fs%3D9907420b46a9bd7114539581a0389b8a5f808b01,2025-04-10T03:52:39Z,,"Am Mittwoch gegen Mittag wurden die Einsatzkräfte nach Gössering bei Millstatt zu einer Rauchentwicklung gerufen. Im Bereich einer Böschung eines Einfamilienhauses war ein Brand im Entstehen, Unterho… [+1312 chars]",,de,'Waldbrand Wind'
https://tirol.orf.at/stories/3300779/,https://tirol.orf.at/stories/3300779/,0,tirol.orf.at,Erneut großer Waldbrand im Vinschgau,Oberhalb von Prad im Südtiroler Vinschgau hat sich am Freitagnachmittag erneut ein Feuer in einem Wald entzündet. Die Ursache ist unklar. Rund 300 Feuerwehrleute sind im Einsatz. Weitere Löschhubschrauber wurden angefordert.,https://ibs.orf.at/tir?image=https%3A%2F%2Foekastatic.orf.at%2Fmims%2F2025%2F15%2F44%2Fcrops%2Fw%3D1200%2Ch%3D627%2Cq%3D75%2F2585600_master_992044_2.jpg%3Fs%3D3d8de7234096ec339133c2137bd1130dbec396ce,2025-04-10T14:25:50Z,,"Vor einem Monat gab es einen großen Waldbrand oberhalb der Vinschgauer Gemeinden Latsch und Kastelbell. Nun brennt es oberhalb von Prad. Seit 14.00 Uhr kämpfen die Feuerwehrleute darum, das Feuer im … [+754 chars]",,de,'Waldbrand Wind'
https://www.diepresse.com/19569245/grosser-waldbrand-im-suedtiroler-vinschgau-entfacht,https://www.diepresse.com/19569245/grosser-waldbrand-im-suedtiroler-vinschgau-entfacht,0,www.diepresse.com,Großer Waldbrand im Südtiroler Vinschgau entfacht,Ein großer Waldbrand ist Donnerstagnachmittag oberhalb von Prad am Stilfser Joch im Südtiroler Vinschgau ausgebrochen.,https://img.diepresse.com/public/incoming/l5ljnz-22730394783277264_BLD_HiRes.jpg/alternates/DPR_SOCIAL_NACHRICHTEN/22730394783277264_BLD_HiRes.jpg,2025-04-10T16:18:18Z,https://web.archive.org/web/20250410200021/https://www.diepresse.com/19569245/grosser-waldbrand-im-suedtiroler-vinschgau-entfacht,"Ein großer Waldbrand ist Donnerstagnachmittag oberhalb von Prad am Stilfser Joch im Südtiroler Vinschgau ausgebrochen. 
50 bis 60 Hektar Wald waren von den Flammen betroffen, eine riesige Rauchwolke… [+1390 chars]",,de,'Waldbrand'
https://www.zeit.de/news/2025-04/10/waldbrand-am-burgberg-ausgebrochen,https://www.zeit.de/news/2025-04/10/waldbrand-am-burgberg-ausgebrochen,0,www.zeit.de,Schwierige Löscharbeiten: Waldbrand am Burgberg ausgebrochen,Hier finden Sie Informationen zu dem Thema „Schwierige Löscharbeiten“. Lesen Sie jetzt „Waldbrand am Burgberg ausgebrochen“.,https://img.zeit.de/news/2025-04/10/waldbrand-am-burgberg-ausgebrochen-image-group/wide__1300x731,2025-04-10T19:04:20Z,,"Am Burgberg in der Nähe von Bad Harzburg ist ein Feuer ausgebrochen. Die Löscharbeiten gestalten sich wegen der Hanglage schwierig, sagte ein Polizeisprecher am Donnerstagabend. Der Vegetationsbrand … [+356 chars]",,de,'Waldbrand'
https://www.bild.de/news/ausland/waldbrand-in-suedtirol-feuerwehr-kaempft-gegen-flammen-67f829664c3c1941bd672cf5,https://www.bild.de/news/ausland/waldbrand-in-suedtirol-feuerwehr-kaempft-gegen-flammen-67f829664c3c1941bd672cf5,0,www.bild.de,Trockenheit hat erste Folgen - Extremer Waldbrand in Südtirol,Im Südtirol bricht ein Waldbrand aus. 300 Feuerwehrleute und vier Löschhubschrauber sind im schwierigen Gelände im Einsatz.,"https://images.bild.de/67f829664c3c1941bd672cf5/304e5a499be8ba41dd23fe146ab5851b,2bcd667b?w=1280",2025-04-10T20:59:57Z,https://web.archive.org/web/20250410214100/https://www.bild.de/news/ausland/waldbrand-in-suedtirol-feuerwehr-kaempft-gegen-flammen-67f829664c3c1941bd672cf5,"Mehr zum Video anzeigen 
Im Südtirol bricht ein Waldbrand aus 300 Feuerwehrleute, 4 Löschhubschrauber sind zur Stelle, doch schwieriges Gelände macht den Einsatz zur Herausforderung.
Quelle: extrem… [+30 chars]",,de,'Waldbrand'
https://www.stern.de/gesellschaft/regional/niedersachsen-bremen/schwierige-loescharbeiten--waldbrand-am-burgberg-unter-kontrolle-35631482.html,https://www.stern.de/gesellschaft/regional/niedersachsen-bremen/schwierige-loescharbeiten--waldbrand-am-burgberg-unter-kontrolle-35631482.html,0,www.stern.de,Schwierige Löscharbeiten: Waldbrand am Burgberg unter Kontrolle,"Bad Harzburg - Am Burgberg in der Nähe von Bad Harzburg ist ein Brand gelöscht worden. Die Löscharbeiten, die sich wegen der Hanglage zunächst als",https://image.stern.de/35631484/t/Rs/v2/w1440/r1.7778/-/10--och7qnvzrbv5axs2048jpeg---bc39ecbb5728c0ba.jpg,2025-04-10T21:13:17Z,,"Kopiere den aktuellen Link
Zur Merkliste hinzufügen
Feuerwehrleute bekämpften ein Feuer in einem Waldstück unterhalb der Burgberg-Seilbahn. Auch ein Löschflugzeug musste angefordert werden.
Am Bur… [+579 chars]",,de,'Waldbrand'
https://www.stern.de/gesellschaft/regional/bayern/wetter--warmes-und-trockenes-wetter-laesst-waldbrandgefahr-steigen-35634030.html,https://www.stern.de/gesellschaft/regional/bayern/wetter--warmes-und-trockenes-wetter-laesst-waldbrandgefahr-steigen-35634030.html,0,www.stern.de,Wetter: Warmes und trockenes Wetter lässt Waldbrandgefahr steigen,München/Garmisch-Partenkirchen/Kempten (lby) - Temperaturen von teils über 20 Grad und strahlender Sonnenschein lassen derzeit die Waldbrandgefahr,https://image.stern.de/35634032/t/4_/v1/w1440/r1.7778/-/11--mdpsgg2svdv7axs2048jpeg---ec6ff719b30267f0.jpg,2025-04-11T13:23:40Z,,"Kopiere den aktuellen Link
Zur Merkliste hinzufügen
Sonne satt, frühlingshafte Temperaturen über 20 Grad - und kein Regen. Schon wieder drohen Waldbrände.
Temperaturen von teils über 20 Grad und s… [+2146 chars]",,de,'Waldbrand Wetter'
https://www.zeit.de/news/2025-04/11/warmes-und-trockenes-wetter-laesst-waldbrandgefahr-steigen,https://www.zeit.de/news/2025-04/11/warmes-und-trockenes-wetter-laesst-waldbrandgefahr-steigen,0,www.zeit.de,Wetter: Warmes und trockenes Wetter lässt Waldbrandgefahr steigen,Hier finden Sie Informationen zu dem Thema „Wetter“. Lesen Sie jetzt „Warmes und trockenes Wetter lässt Waldbrandgefahr steigen“.,https://img.zeit.de/news/2025-04/11/warmes-und-trockenes-wetter-laesst-waldbrandgefahr-steigen-image-group/wide__1300x731,2025-04-11T13:23:40Z,,Temperaturen von teils über 20 Grad und strahlender Sonnenschein lassen derzeit die Waldbrandgefahr steigen. Der Gefahrenindex des Deutschen Wetterdienstes zeigte am Freitag im Süden Bayerns für weit… [+2026 chars],,de,'Waldbrand Wetter'
https://tirol.orf.at/stories/3300958/,https://tirol.orf.at/stories/3300958/,0,tirol.orf.at,Waldbrand im Vinschgau unter Kontrolle,Der große Waldbrand am Montoni-Berg oberhalb von Prad am Stilfser Joch im Vinschgau ist im Laufe des Freitags eingedämmt und unter Kontrolle gebracht worden. Dies teilte Fortwirtschaftslandesrat Luis Walcher (SVP) in einer Aussendung mit. Es gebe aber noch vi…,https://ibs.orf.at/tir?image=https%3A%2F%2Foekastatic.orf.at%2Fmims%2F2025%2F15%2F99%2Fcrops%2Fw%3D1200%2Ch%3D627%2Cq%3D75%2F2587472_master_992799_jjjj.jpg%3Fs%3Dd9ac2b99c6fc2b61245bad80bbc2aac6e41ee41d,2025-04-11T15:47:57Z,,"Neben den Glutnestern seien die Einsatzkräfte auch noch aufgrund umfallender Bäume und abrollender Steine gefordert, hieß es. Der Rauch hat sich nun verzogen, berichtete auch Andreas Platter von der … [+1812 chars]",,de,'Waldbrand'
https://www.zeit.de/news/2025-04/12/waldbraende-grosseinsaetze-im-sauerland-und-bei-aachen,https://www.zeit.de/news/2025-04/12/waldbraende-grosseinsaetze-im-sauerland-und-bei-aachen,0,www.zeit.de,Trockenheit in NRW: Waldbrände: Großeinsätze im Sauerland und bei Aachen,Hier finden Sie Informationen zu dem Thema „Trockenheit in NRW“. Lesen Sie jetzt „Waldbrände: Großeinsätze im Sauerland und bei Aachen“.,https://img.zeit.de/news/2025-04/12/waldbraende-grosseinsaetze-im-sauerland-und-bei-aachen-image-group/wide__1300x731,2025-04-12T16:04:02Z,,"Waldbrände haben am Samstag in Nordrhein-Westfalen für Großeinsätze der Feuerwehr gesorgt. Besonders angespannt ist die Lage in Sundern im Sauerland, wo auf einer Fläche von rund 10.000 Quadratmetern… [+1448 chars]",,de,'Waldbrände'
https://www.stern.de/gesellschaft/regional/nordrhein-westfalen/trockenheit-in-nrw--waldbraende--grosseinsaetze-im-sauerland-und-bei-aachen-35636196.html,https://www.stern.de/gesellschaft/regional/nordrhein-westfalen/trockenheit-in-nrw--waldbraende--grosseinsaetze-im-sauerland-und-bei-aachen-35636196.html,0,www.stern.de,Trockenheit in NRW: Waldbrände: Großeinsätze im Sauerland und bei Aachen,"Hunderte Einsatzkräfte der Feuerwehr bekämpfen am Samstag Waldbrände im Sauerland, bei Aachen und im Rheinisch-Bergischen Kreis. Schwer zu schaffen macht den Brandbekämpfern ein Feuer in Sundern.",https://image.stern.de/35636198/t/B0/v1/w1440/r1.7778/-/12--evoiteqlzjv5axs2048jpeg---1d9e0290281f3926.jpg,2025-04-12T16:04:02Z,,"Kopiere den aktuellen Link
Zur Merkliste hinzufügen
Hunderte Einsatzkräfte der Feuerwehr bekämpfen am Samstag Waldbrände im Sauerland, bei Aachen und im Rheinisch-Bergischen Kreis. Schwer zu schaff… [+1659 chars]",,de,'Waldbrände'
https://www.stern.de/gesellschaft/regional/nordrhein-westfalen/waldbraende--feuerwehr-bei-mehreren-waldbraenden-in-nrw-im-einsatz-35636196.html,https://www.stern.de/gesellschaft/regional/nordrhein-westfalen/waldbraende--feuerwehr-bei-mehreren-waldbraenden-in-nrw-im-einsatz-35636196.html,0,www.stern.de,Waldbrände: Feuerwehr bei mehreren Waldbränden in NRW im Einsatz,"Hunderte Einsatzkräfte bekämpfen am Samstag Waldbrände im Sauerland, bei Aachen, im Rheinisch-Bergischen Kreis und in Wuppertal. Schwer zu schaffen macht den Brandbekämpfern ein Feuer in Sundern.",https://image.stern.de/35636430/t/ZO/v1/w1440/r1.7778/-/13--gr7smp35zsv7axs2048jpeg---490e7738f6c41655.jpg,2025-04-12T22:04:09Z,,"Kopiere den aktuellen Link
Zur Merkliste hinzufügen
Hunderte Einsatzkräfte bekämpfen am Samstag Waldbrände im Sauerland, bei Aachen, im Rheinisch-Bergischen Kreis und in Wuppertal. Schwer zu schaff… [+2417 chars]",,de,'Waldbrand'
https://www.bild.de/news/inland/feuerwehr-im-grosseinsatz-mehrere-waldbraende-im-nrw-67fae42e0ee9a267550f4a7e,https://www.bild.de/news/inland/feuerwehr-im-grosseinsatz-mehrere-waldbraende-im-nrw-67fae42e0ee9a267550f4a7e,0,www.bild.de,Feuerwehr im Großeinsatz - Mehrere Waldbrände im NRW,Der Frühling ist sehr trocken und das hat Folgen. Waldbrände haben am Samstag in Nordrhein-Westfalen für Großeinsätze der Feuerwehr gesorgt. Besonders an...,"https://images.bild.de/67fae42e0ee9a267550f4a7e/c606281d378b3c368a7c6ccf3f6a5a47-landscape,b0aec027?w=1280",2025-04-12T22:25:32Z,,"Der Frühling ist sehr trocken und das hat Folgen.
Waldbrände haben am Samstag in Nordrhein-Westfalen für Großeinsätze der Feuerwehr gesorgt. Besonders angespannt war die Lage in Sundern im Sauerland… [+1960 chars]",,de,'Waldbrände'
https://www1.wdr.de/nachrichten/westfalen-lippe/waldbrand-sundern-hellefeld-100.html,https://www1.wdr.de/nachrichten/westfalen-lippe/waldbrand-sundern-hellefeld-100.html,0,www1.wdr.de,Mehrere Waldbrände in NRW inzwischen unter Kontrolle,"<strong>In einem Waldgebiet bei Sundern hat es seit Samstagnachmittag gebrannt. Der Wind erschwerte die Löschbedingungen zusätzlich. Auch an anderen Orten in NRW gab es Waldbrände, die mittlerweile unter Kontrolle sind.</strong>",https://images.tagesschau.de/image/dd114ffb-9e16-4df6-9be7-eac3e0e3d899/AAABli3DGuU/AAABkZLhkrw/16x9-1280/wdr-luftaufnahme-des-brennenden-waldgebietes-bei-sundern-100.jpg,2025-04-13T06:20:45Z,,"Stand: 13.04.2025 08:20 Uhr
In einem Waldgebiet bei Sundern hat es seit Samstagnachmittag gebrannt. Der Wind erschwerte die Löschbedingungen zusätzlich. Auch an anderen Orten in NRW gab es Waldbränd… [+3701 chars]",,de,'Waldbrände'
https://www.diepresse.com/19577331/westliches-niederoesterreich-entwickelt-waldbrand-vorsorgeplan,https://www.diepresse.com/19577331/westliches-niederoesterreich-entwickelt-waldbrand-vorsorgeplan,0,www.diepresse.com,Westliches Niederösterreich entwickelt Waldbrand-Vorsorgeplan,Eine digitale Karte wird bis 2026 erarbeitet.,https://img.diepresse.com/public/incoming/n0nqqe-kein-Titel/alternates/DPR_SOCIAL_NACHRICHTEN/kein%20Titel,2025-04-13T14:46:59Z,,"Eine digitale Karte wird bis 2026 erarbeitet.
In den Bezirken Amstetten, Waidhofen an der Ybbs, Scheibbs und Melk wird ein Waldbrand-Vorsorgeplan ausgearbeitet. Ziel sei es, durch gezielte Präventio… [+954 chars]",,de,'Waldbrand'
https://www.zeit.de/news/2025-04/14/hoffnung-fuer-osterfeuer-regen-senkt-waldbrandgefahr,https://www.zeit.de/news/2025-04/14/hoffnung-fuer-osterfeuer-regen-senkt-waldbrandgefahr,0,www.zeit.de,Brauchtum: Hoffnung für Osterfeuer: Regen senkt Waldbrandgefahr,Hier finden Sie Informationen zu dem Thema „Brauchtum“. Lesen Sie jetzt „Hoffnung für Osterfeuer: Regen senkt Waldbrandgefahr“.,https://img.zeit.de/news/2025-04/14/hoffnung-fuer-osterfeuer-regen-senkt-waldbrandgefahr-image-group/wide__1300x731,2025-04-14T09:51:00Z,,Nach dem Regen am Wochenende schöpfen die Veranstalter der traditionellen Osterfeuer in Nordrhein-Westfalen neue Hoffnung: Die Waldbrandgefahr ist längst nicht mehr so hoch wie zuletzt nach der woche… [+2405 chars],,de,'Waldbrand Feuerwehr'
https://www.stern.de/gesellschaft/regional/nordrhein-westfalen/brauchtum--hoffnung-fuer-osterfeuer--regen-senkt-waldbrandgefahr-35639330.html,https://www.stern.de/gesellschaft/regional/nordrhein-westfalen/brauchtum--hoffnung-fuer-osterfeuer--regen-senkt-waldbrandgefahr-35639330.html,0,www.stern.de,Brauchtum: Hoffnung für Osterfeuer: Regen senkt Waldbrandgefahr,Der Regen kommt vielleicht gerade noch rechtzeitig für die Osterfeuer: Die Waldbrandgefahr ist im ganzen Land deutlich gesunken. Veranstalter und Ordnungsämter schöpfen Hoffnung.,https://image.stern.de/35639332/t/ur/v1/w1440/r1.7778/-/14--stqo6zcwlkv9axs2048jpeg---5d2a9174bcd9c04f.jpg,2025-04-14T09:51:00Z,,"Kopiere den aktuellen Link
Zur Merkliste hinzufügen
Der Regen kommt vielleicht gerade noch rechtzeitig für die Osterfeuer: Die Waldbrandgefahr ist im ganzen Land deutlich gesunken. Veranstalter und… [+2599 chars]",,de,'Waldbrand'
